user2001@gmail.com,Pass@1234
user2002@gmail.com,Pass@1234
user2003@gmail.com,Pass@1234
user2004@gmail.com,Pass@1234
user2005@gmail.com,Pass@1234
user2006@gmail.com,Pass@1234
user2007@gmail.com,Pass@1234
user2008@gmail.com,Pass@1234
user2009@gmail.com,Pass@1234
user2010@gmail.com,Pass@1234
user2011@gmail.com,Pass@1234
user2012@gmail.com,Pass@1234
user2013@gmail.com,Pass@1234
user2014@gmail.com,Pass@1234
user2015@gmail.com,Pass@1234
user2016@gmail.com,Pass@1234
user2017@gmail.com,Pass@1234
user2018@gmail.com,Pass@1234
user2019@gmail.com,Pass@1234
user2020@gmail.com,Pass@1234
user2021@gmail.com,Pass@1234
user2022@gmail.com,Pass@1234
user2023@gmail.com,Pass@1234
user2024@gmail.com,Pass@1234
user2025@gmail.com,Pass@1234
user2026@gmail.com,Pass@1234
user2027@gmail.com,Pass@1234
user2028@gmail.com,Pass@1234
user2029@gmail.com,Pass@1234
user2030@gmail.com,Pass@1234
user2031@gmail.com,Pass@1234
user2032@gmail.com,Pass@1234
user2033@gmail.com,Pass@1234
user2034@gmail.com,Pass@1234
user2035@gmail.com,Pass@1234
user2036@gmail.com,Pass@1234
user2037@gmail.com,Pass@1234
user2038@gmail.com,Pass@1234
user2039@gmail.com,Pass@1234
user2040@gmail.com,Pass@1234
user2041@gmail.com,Pass@1234
user2042@gmail.com,Pass@1234
user2043@gmail.com,Pass@1234
user2044@gmail.com,Pass@1234
user2045@gmail.com,Pass@1234
user2046@gmail.com,Pass@1234
user2047@gmail.com,Pass@1234
user2048@gmail.com,Pass@1234
user2049@gmail.com,Pass@1234
user2050@gmail.com,Pass@1234
user2051@gmail.com,Pass@1234
user2052@gmail.com,Pass@1234
user2053@gmail.com,Pass@1234
user2054@gmail.com,Pass@1234
user2055@gmail.com,Pass@1234
user2056@gmail.com,Pass@1234
user2057@gmail.com,Pass@1234
user2058@gmail.com,Pass@1234
user2059@gmail.com,Pass@1234
user2060@gmail.com,Pass@1234
user2061@gmail.com,Pass@1234
user2062@gmail.com,Pass@1234
user2063@gmail.com,Pass@1234
user2064@gmail.com,Pass@1234
user2065@gmail.com,Pass@1234
user2066@gmail.com,Pass@1234
user2067@gmail.com,Pass@1234
user2068@gmail.com,Pass@1234
user2069@gmail.com,Pass@1234
user2070@gmail.com,Pass@1234
user2071@gmail.com,Pass@1234
user2072@gmail.com,Pass@1234
user2073@gmail.com,Pass@1234
user2074@gmail.com,Pass@1234
user2075@gmail.com,Pass@1234
user2076@gmail.com,Pass@1234
user2077@gmail.com,Pass@1234
user2078@gmail.com,Pass@1234
user2079@gmail.com,Pass@1234
user2080@gmail.com,Pass@1234
user2081@gmail.com,Pass@1234
user2082@gmail.com,Pass@1234
user2083@gmail.com,Pass@1234
user2084@gmail.com,Pass@1234
user2085@gmail.com,Pass@1234
user2086@gmail.com,Pass@1234
user2087@gmail.com,Pass@1234
user2088@gmail.com,Pass@1234
user2089@gmail.com,Pass@1234
user2090@gmail.com,Pass@1234
user2091@gmail.com,Pass@1234
user2092@gmail.com,Pass@1234
user2093@gmail.com,Pass@1234
user2094@gmail.com,Pass@1234
user2095@gmail.com,Pass@1234
user2096@gmail.com,Pass@1234
user2097@gmail.com,Pass@1234
user2098@gmail.com,Pass@1234
user2099@gmail.com,Pass@1234
user2100@gmail.com,Pass@1234
user2101@gmail.com,Pass@1234
user2102@gmail.com,Pass@1234
user2103@gmail.com,Pass@1234
user2104@gmail.com,Pass@1234
user2105@gmail.com,Pass@1234
user2106@gmail.com,Pass@1234
user2107@gmail.com,Pass@1234
user2108@gmail.com,Pass@1234
user2109@gmail.com,Pass@1234
user2110@gmail.com,Pass@1234
user2111@gmail.com,Pass@1234
user2112@gmail.com,Pass@1234
user2113@gmail.com,Pass@1234
user2114@gmail.com,Pass@1234
user2115@gmail.com,Pass@1234
user2116@gmail.com,Pass@1234
user2117@gmail.com,Pass@1234
user2118@gmail.com,Pass@1234
user2119@gmail.com,Pass@1234
user2120@gmail.com,Pass@1234
user2121@gmail.com,Pass@1234
user2122@gmail.com,Pass@1234
user2123@gmail.com,Pass@1234
user2124@gmail.com,Pass@1234
user2125@gmail.com,Pass@1234
user2126@gmail.com,Pass@1234
user2127@gmail.com,Pass@1234
user2128@gmail.com,Pass@1234
user2129@gmail.com,Pass@1234
user2130@gmail.com,Pass@1234
user2131@gmail.com,Pass@1234
user2132@gmail.com,Pass@1234
user2133@gmail.com,Pass@1234
user2134@gmail.com,Pass@1234
user2135@gmail.com,Pass@1234
user2136@gmail.com,Pass@1234
user2137@gmail.com,Pass@1234
user2138@gmail.com,Pass@1234
user2139@gmail.com,Pass@1234
user2140@gmail.com,Pass@1234
user2141@gmail.com,Pass@1234
user2142@gmail.com,Pass@1234
user2143@gmail.com,Pass@1234
user2144@gmail.com,Pass@1234
user2145@gmail.com,Pass@1234
user2146@gmail.com,Pass@1234
user2147@gmail.com,Pass@1234
user2148@gmail.com,Pass@1234
user2149@gmail.com,Pass@1234
user2150@gmail.com,Pass@1234
user2151@gmail.com,Pass@1234
user2152@gmail.com,Pass@1234
user2153@gmail.com,Pass@1234
user2154@gmail.com,Pass@1234
user2155@gmail.com,Pass@1234
user2156@gmail.com,Pass@1234
user2157@gmail.com,Pass@1234
user2158@gmail.com,Pass@1234
user2159@gmail.com,Pass@1234
user2160@gmail.com,Pass@1234
user2161@gmail.com,Pass@1234
user2162@gmail.com,Pass@1234
user2163@gmail.com,Pass@1234
user2164@gmail.com,Pass@1234
user2165@gmail.com,Pass@1234
user2166@gmail.com,Pass@1234
user2167@gmail.com,Pass@1234
user2168@gmail.com,Pass@1234
user2169@gmail.com,Pass@1234
user2170@gmail.com,Pass@1234
user2171@gmail.com,Pass@1234
user2172@gmail.com,Pass@1234
user2173@gmail.com,Pass@1234
user2174@gmail.com,Pass@1234
user2175@gmail.com,Pass@1234
user2176@gmail.com,Pass@1234
user2177@gmail.com,Pass@1234
user2178@gmail.com,Pass@1234
user2179@gmail.com,Pass@1234
user2180@gmail.com,Pass@1234
user2181@gmail.com,Pass@1234
user2182@gmail.com,Pass@1234
user2183@gmail.com,Pass@1234
user2184@gmail.com,Pass@1234
user2185@gmail.com,Pass@1234
user2186@gmail.com,Pass@1234
user2187@gmail.com,Pass@1234
user2188@gmail.com,Pass@1234
user2189@gmail.com,Pass@1234
user2190@gmail.com,Pass@1234
user2191@gmail.com,Pass@1234
user2192@gmail.com,Pass@1234
user2193@gmail.com,Pass@1234
user2194@gmail.com,Pass@1234
user2195@gmail.com,Pass@1234
user2196@gmail.com,Pass@1234
user2197@gmail.com,Pass@1234
user2198@gmail.com,Pass@1234
user2199@gmail.com,Pass@1234
user2200@gmail.com,Pass@1234
user2201@gmail.com,Pass@1234
user2202@gmail.com,Pass@1234
user2203@gmail.com,Pass@1234
user2204@gmail.com,Pass@1234
user2205@gmail.com,Pass@1234
user2206@gmail.com,Pass@1234
user2207@gmail.com,Pass@1234
user2208@gmail.com,Pass@1234
user2209@gmail.com,Pass@1234
user2210@gmail.com,Pass@1234
user2211@gmail.com,Pass@1234
user2212@gmail.com,Pass@1234
user2213@gmail.com,Pass@1234
user2214@gmail.com,Pass@1234
user2215@gmail.com,Pass@1234
user2216@gmail.com,Pass@1234
user2217@gmail.com,Pass@1234
user2218@gmail.com,Pass@1234
user2219@gmail.com,Pass@1234
user2220@gmail.com,Pass@1234
user2221@gmail.com,Pass@1234
user2222@gmail.com,Pass@1234
user2223@gmail.com,Pass@1234
user2224@gmail.com,Pass@1234
user2225@gmail.com,Pass@1234
user2226@gmail.com,Pass@1234
user2227@gmail.com,Pass@1234
user2228@gmail.com,Pass@1234
user2229@gmail.com,Pass@1234
user2230@gmail.com,Pass@1234
user2231@gmail.com,Pass@1234
user2232@gmail.com,Pass@1234
user2233@gmail.com,Pass@1234
user2234@gmail.com,Pass@1234
user2235@gmail.com,Pass@1234
user2236@gmail.com,Pass@1234
user2237@gmail.com,Pass@1234
user2238@gmail.com,Pass@1234
user2239@gmail.com,Pass@1234
user2240@gmail.com,Pass@1234
user2241@gmail.com,Pass@1234
user2242@gmail.com,Pass@1234
user2243@gmail.com,Pass@1234
user2244@gmail.com,Pass@1234
user2245@gmail.com,Pass@1234
user2246@gmail.com,Pass@1234
user2247@gmail.com,Pass@1234
user2248@gmail.com,Pass@1234
user2249@gmail.com,Pass@1234
user2250@gmail.com,Pass@1234
user2251@gmail.com,Pass@1234
user2252@gmail.com,Pass@1234
user2253@gmail.com,Pass@1234
user2254@gmail.com,Pass@1234
user2255@gmail.com,Pass@1234
user2256@gmail.com,Pass@1234
user2257@gmail.com,Pass@1234
user2258@gmail.com,Pass@1234
user2259@gmail.com,Pass@1234
user2260@gmail.com,Pass@1234
user2261@gmail.com,Pass@1234
user2262@gmail.com,Pass@1234
user2263@gmail.com,Pass@1234
user2264@gmail.com,Pass@1234
user2265@gmail.com,Pass@1234
user2266@gmail.com,Pass@1234
user2267@gmail.com,Pass@1234
user2268@gmail.com,Pass@1234
user2269@gmail.com,Pass@1234
user2270@gmail.com,Pass@1234
user2271@gmail.com,Pass@1234
user2272@gmail.com,Pass@1234
user2273@gmail.com,Pass@1234
user2274@gmail.com,Pass@1234
user2275@gmail.com,Pass@1234
user2276@gmail.com,Pass@1234
user2277@gmail.com,Pass@1234
user2278@gmail.com,Pass@1234
user2279@gmail.com,Pass@1234
user2280@gmail.com,Pass@1234
user2281@gmail.com,Pass@1234
user2282@gmail.com,Pass@1234
user2283@gmail.com,Pass@1234
user2284@gmail.com,Pass@1234
user2285@gmail.com,Pass@1234
user2286@gmail.com,Pass@1234
user2287@gmail.com,Pass@1234
user2288@gmail.com,Pass@1234
user2289@gmail.com,Pass@1234
user2290@gmail.com,Pass@1234
user2291@gmail.com,Pass@1234
user2292@gmail.com,Pass@1234
user2293@gmail.com,Pass@1234
user2294@gmail.com,Pass@1234
user2295@gmail.com,Pass@1234
user2296@gmail.com,Pass@1234
user2297@gmail.com,Pass@1234
user2298@gmail.com,Pass@1234
user2299@gmail.com,Pass@1234
user2300@gmail.com,Pass@1234
user2301@gmail.com,Pass@1234
user2302@gmail.com,Pass@1234
user2303@gmail.com,Pass@1234
user2304@gmail.com,Pass@1234
user2305@gmail.com,Pass@1234
user2306@gmail.com,Pass@1234
user2307@gmail.com,Pass@1234
user2308@gmail.com,Pass@1234
user2309@gmail.com,Pass@1234
user2310@gmail.com,Pass@1234
user2311@gmail.com,Pass@1234
user2312@gmail.com,Pass@1234
user2313@gmail.com,Pass@1234
user2314@gmail.com,Pass@1234
user2315@gmail.com,Pass@1234
user2316@gmail.com,Pass@1234
user2317@gmail.com,Pass@1234
user2318@gmail.com,Pass@1234
user2319@gmail.com,Pass@1234
user2320@gmail.com,Pass@1234
user2321@gmail.com,Pass@1234
user2322@gmail.com,Pass@1234
user2323@gmail.com,Pass@1234
user2324@gmail.com,Pass@1234
user2325@gmail.com,Pass@1234
user2326@gmail.com,Pass@1234
user2327@gmail.com,Pass@1234
user2328@gmail.com,Pass@1234
user2329@gmail.com,Pass@1234
user2330@gmail.com,Pass@1234
user2331@gmail.com,Pass@1234
user2332@gmail.com,Pass@1234
user2333@gmail.com,Pass@1234
user2334@gmail.com,Pass@1234
user2335@gmail.com,Pass@1234
user2336@gmail.com,Pass@1234
user2337@gmail.com,Pass@1234
user2338@gmail.com,Pass@1234
user2339@gmail.com,Pass@1234
user2340@gmail.com,Pass@1234
user2341@gmail.com,Pass@1234
user2342@gmail.com,Pass@1234
user2343@gmail.com,Pass@1234
user2344@gmail.com,Pass@1234
user2345@gmail.com,Pass@1234
user2346@gmail.com,Pass@1234
user2347@gmail.com,Pass@1234
user2348@gmail.com,Pass@1234
user2349@gmail.com,Pass@1234
user2350@gmail.com,Pass@1234
user2351@gmail.com,Pass@1234
user2352@gmail.com,Pass@1234
user2353@gmail.com,Pass@1234
user2354@gmail.com,Pass@1234
user2355@gmail.com,Pass@1234
user2356@gmail.com,Pass@1234
user2357@gmail.com,Pass@1234
user2358@gmail.com,Pass@1234
user2359@gmail.com,Pass@1234
user2360@gmail.com,Pass@1234
user2361@gmail.com,Pass@1234
user2362@gmail.com,Pass@1234
user2363@gmail.com,Pass@1234
user2364@gmail.com,Pass@1234
user2365@gmail.com,Pass@1234
user2366@gmail.com,Pass@1234
user2367@gmail.com,Pass@1234
user2368@gmail.com,Pass@1234
user2369@gmail.com,Pass@1234
user2370@gmail.com,Pass@1234
user2371@gmail.com,Pass@1234
user2372@gmail.com,Pass@1234
user2373@gmail.com,Pass@1234
user2374@gmail.com,Pass@1234
user2375@gmail.com,Pass@1234
user2376@gmail.com,Pass@1234
user2377@gmail.com,Pass@1234
user2378@gmail.com,Pass@1234
user2379@gmail.com,Pass@1234
user2380@gmail.com,Pass@1234
user2381@gmail.com,Pass@1234
user2382@gmail.com,Pass@1234
user2383@gmail.com,Pass@1234
user2384@gmail.com,Pass@1234
user2385@gmail.com,Pass@1234
user2386@gmail.com,Pass@1234
user2387@gmail.com,Pass@1234
user2388@gmail.com,Pass@1234
user2389@gmail.com,Pass@1234
user2390@gmail.com,Pass@1234
user2391@gmail.com,Pass@1234
user2392@gmail.com,Pass@1234
user2393@gmail.com,Pass@1234
user2394@gmail.com,Pass@1234
user2395@gmail.com,Pass@1234
user2396@gmail.com,Pass@1234
user2397@gmail.com,Pass@1234
user2398@gmail.com,Pass@1234
user2399@gmail.com,Pass@1234
user2400@gmail.com,Pass@1234
user2401@gmail.com,Pass@1234
user2402@gmail.com,Pass@1234
user2403@gmail.com,Pass@1234
user2404@gmail.com,Pass@1234
user2405@gmail.com,Pass@1234
user2406@gmail.com,Pass@1234
user2407@gmail.com,Pass@1234
user2408@gmail.com,Pass@1234
user2409@gmail.com,Pass@1234
user2410@gmail.com,Pass@1234
user2411@gmail.com,Pass@1234
user2412@gmail.com,Pass@1234
user2413@gmail.com,Pass@1234
user2414@gmail.com,Pass@1234
user2415@gmail.com,Pass@1234
user2416@gmail.com,Pass@1234
user2417@gmail.com,Pass@1234
user2418@gmail.com,Pass@1234
user2419@gmail.com,Pass@1234
user2420@gmail.com,Pass@1234
user2421@gmail.com,Pass@1234
user2422@gmail.com,Pass@1234
user2423@gmail.com,Pass@1234
user2424@gmail.com,Pass@1234
user2425@gmail.com,Pass@1234
user2426@gmail.com,Pass@1234
user2427@gmail.com,Pass@1234
user2428@gmail.com,Pass@1234
user2429@gmail.com,Pass@1234
user2430@gmail.com,Pass@1234
user2431@gmail.com,Pass@1234
user2432@gmail.com,Pass@1234
user2433@gmail.com,Pass@1234
user2434@gmail.com,Pass@1234
user2435@gmail.com,Pass@1234
user2436@gmail.com,Pass@1234
user2437@gmail.com,Pass@1234
user2438@gmail.com,Pass@1234
user2439@gmail.com,Pass@1234
user2440@gmail.com,Pass@1234
user2441@gmail.com,Pass@1234
user2442@gmail.com,Pass@1234
user2443@gmail.com,Pass@1234
user2444@gmail.com,Pass@1234
user2445@gmail.com,Pass@1234
user2446@gmail.com,Pass@1234
user2447@gmail.com,Pass@1234
user2448@gmail.com,Pass@1234
user2449@gmail.com,Pass@1234
user2450@gmail.com,Pass@1234
user2451@gmail.com,Pass@1234
user2452@gmail.com,Pass@1234
user2453@gmail.com,Pass@1234
user2454@gmail.com,Pass@1234
user2455@gmail.com,Pass@1234
user2456@gmail.com,Pass@1234
user2457@gmail.com,Pass@1234
user2458@gmail.com,Pass@1234
user2459@gmail.com,Pass@1234
user2460@gmail.com,Pass@1234
user2461@gmail.com,Pass@1234
user2462@gmail.com,Pass@1234
user2463@gmail.com,Pass@1234
user2464@gmail.com,Pass@1234
user2465@gmail.com,Pass@1234
user2466@gmail.com,Pass@1234
user2467@gmail.com,Pass@1234
user2468@gmail.com,Pass@1234
user2469@gmail.com,Pass@1234
user2470@gmail.com,Pass@1234
user2471@gmail.com,Pass@1234
user2472@gmail.com,Pass@1234
user2473@gmail.com,Pass@1234
user2474@gmail.com,Pass@1234
user2475@gmail.com,Pass@1234
user2476@gmail.com,Pass@1234
user2477@gmail.com,Pass@1234
user2478@gmail.com,Pass@1234
user2479@gmail.com,Pass@1234
user2480@gmail.com,Pass@1234
user2481@gmail.com,Pass@1234
user2482@gmail.com,Pass@1234
user2483@gmail.com,Pass@1234
user2484@gmail.com,Pass@1234
user2485@gmail.com,Pass@1234
user2486@gmail.com,Pass@1234
user2487@gmail.com,Pass@1234
user2488@gmail.com,Pass@1234
user2489@gmail.com,Pass@1234
user2490@gmail.com,Pass@1234
user2491@gmail.com,Pass@1234
user2492@gmail.com,Pass@1234
user2493@gmail.com,Pass@1234
user2494@gmail.com,Pass@1234
user2495@gmail.com,Pass@1234
user2496@gmail.com,Pass@1234
user2497@gmail.com,Pass@1234
user2498@gmail.com,Pass@1234
user2499@gmail.com,Pass@1234
user2500@gmail.com,Pass@1234
user2501@gmail.com,Pass@1234
user2502@gmail.com,Pass@1234
user2503@gmail.com,Pass@1234
user2504@gmail.com,Pass@1234
user2505@gmail.com,Pass@1234
user2506@gmail.com,Pass@1234
user2507@gmail.com,Pass@1234
user2508@gmail.com,Pass@1234
user2509@gmail.com,Pass@1234
user2510@gmail.com,Pass@1234
user2511@gmail.com,Pass@1234
user2512@gmail.com,Pass@1234
user2513@gmail.com,Pass@1234
user2514@gmail.com,Pass@1234
user2515@gmail.com,Pass@1234
user2516@gmail.com,Pass@1234
user2517@gmail.com,Pass@1234
user2518@gmail.com,Pass@1234
user2519@gmail.com,Pass@1234
user2520@gmail.com,Pass@1234
user2521@gmail.com,Pass@1234
user2522@gmail.com,Pass@1234
user2523@gmail.com,Pass@1234
user2524@gmail.com,Pass@1234
user2525@gmail.com,Pass@1234
user2526@gmail.com,Pass@1234
user2527@gmail.com,Pass@1234
user2528@gmail.com,Pass@1234
user2529@gmail.com,Pass@1234
user2530@gmail.com,Pass@1234
user2531@gmail.com,Pass@1234
user2532@gmail.com,Pass@1234
user2533@gmail.com,Pass@1234
user2534@gmail.com,Pass@1234
user2535@gmail.com,Pass@1234
user2536@gmail.com,Pass@1234
user2537@gmail.com,Pass@1234
user2538@gmail.com,Pass@1234
user2539@gmail.com,Pass@1234
user2540@gmail.com,Pass@1234
user2541@gmail.com,Pass@1234
user2542@gmail.com,Pass@1234
user2543@gmail.com,Pass@1234
user2544@gmail.com,Pass@1234
user2545@gmail.com,Pass@1234
user2546@gmail.com,Pass@1234
user2547@gmail.com,Pass@1234
user2548@gmail.com,Pass@1234
user2549@gmail.com,Pass@1234
user2550@gmail.com,Pass@1234
user2551@gmail.com,Pass@1234
user2552@gmail.com,Pass@1234
user2553@gmail.com,Pass@1234
user2554@gmail.com,Pass@1234
user2555@gmail.com,Pass@1234
user2556@gmail.com,Pass@1234
user2557@gmail.com,Pass@1234
user2558@gmail.com,Pass@1234
user2559@gmail.com,Pass@1234
user2560@gmail.com,Pass@1234
user2561@gmail.com,Pass@1234
user2562@gmail.com,Pass@1234
user2563@gmail.com,Pass@1234
user2564@gmail.com,Pass@1234
user2565@gmail.com,Pass@1234
user2566@gmail.com,Pass@1234
user2567@gmail.com,Pass@1234
user2568@gmail.com,Pass@1234
user2569@gmail.com,Pass@1234
user2570@gmail.com,Pass@1234
user2571@gmail.com,Pass@1234
user2572@gmail.com,Pass@1234
user2573@gmail.com,Pass@1234
user2574@gmail.com,Pass@1234
user2575@gmail.com,Pass@1234
user2576@gmail.com,Pass@1234
user2577@gmail.com,Pass@1234
user2578@gmail.com,Pass@1234
user2579@gmail.com,Pass@1234
user2580@gmail.com,Pass@1234
user2581@gmail.com,Pass@1234
user2582@gmail.com,Pass@1234
user2583@gmail.com,Pass@1234
user2584@gmail.com,Pass@1234
user2585@gmail.com,Pass@1234
user2586@gmail.com,Pass@1234
user2587@gmail.com,Pass@1234
user2588@gmail.com,Pass@1234
user2589@gmail.com,Pass@1234
user2590@gmail.com,Pass@1234
user2591@gmail.com,Pass@1234
user2592@gmail.com,Pass@1234
user2593@gmail.com,Pass@1234
user2594@gmail.com,Pass@1234
user2595@gmail.com,Pass@1234
user2596@gmail.com,Pass@1234
user2597@gmail.com,Pass@1234
user2598@gmail.com,Pass@1234
user2599@gmail.com,Pass@1234
user2600@gmail.com,Pass@1234
user2601@gmail.com,Pass@1234
user2602@gmail.com,Pass@1234
user2603@gmail.com,Pass@1234
user2604@gmail.com,Pass@1234
user2605@gmail.com,Pass@1234
user2606@gmail.com,Pass@1234
user2607@gmail.com,Pass@1234
user2608@gmail.com,Pass@1234
user2609@gmail.com,Pass@1234
user2610@gmail.com,Pass@1234
user2611@gmail.com,Pass@1234
user2612@gmail.com,Pass@1234
user2613@gmail.com,Pass@1234
user2614@gmail.com,Pass@1234
user2615@gmail.com,Pass@1234
user2616@gmail.com,Pass@1234
user2617@gmail.com,Pass@1234
user2618@gmail.com,Pass@1234
user2619@gmail.com,Pass@1234
user2620@gmail.com,Pass@1234
user2621@gmail.com,Pass@1234
user2622@gmail.com,Pass@1234
user2623@gmail.com,Pass@1234
user2624@gmail.com,Pass@1234
user2625@gmail.com,Pass@1234
user2626@gmail.com,Pass@1234
user2627@gmail.com,Pass@1234
user2628@gmail.com,Pass@1234
user2629@gmail.com,Pass@1234
user2630@gmail.com,Pass@1234
user2631@gmail.com,Pass@1234
user2632@gmail.com,Pass@1234
user2633@gmail.com,Pass@1234
user2634@gmail.com,Pass@1234
user2635@gmail.com,Pass@1234
user2636@gmail.com,Pass@1234
user2637@gmail.com,Pass@1234
user2638@gmail.com,Pass@1234
user2639@gmail.com,Pass@1234
user2640@gmail.com,Pass@1234
user2641@gmail.com,Pass@1234
user2642@gmail.com,Pass@1234
user2643@gmail.com,Pass@1234
user2644@gmail.com,Pass@1234
user2645@gmail.com,Pass@1234
user2646@gmail.com,Pass@1234
user2647@gmail.com,Pass@1234
user2648@gmail.com,Pass@1234
user2649@gmail.com,Pass@1234
user2650@gmail.com,Pass@1234
user2651@gmail.com,Pass@1234
user2652@gmail.com,Pass@1234
user2653@gmail.com,Pass@1234
user2654@gmail.com,Pass@1234
user2655@gmail.com,Pass@1234
user2656@gmail.com,Pass@1234
user2657@gmail.com,Pass@1234
user2658@gmail.com,Pass@1234
user2659@gmail.com,Pass@1234
user2660@gmail.com,Pass@1234
user2661@gmail.com,Pass@1234
user2662@gmail.com,Pass@1234
user2663@gmail.com,Pass@1234
user2664@gmail.com,Pass@1234
user2665@gmail.com,Pass@1234
user2666@gmail.com,Pass@1234
user2667@gmail.com,Pass@1234
user2668@gmail.com,Pass@1234
user2669@gmail.com,Pass@1234
user2670@gmail.com,Pass@1234
user2671@gmail.com,Pass@1234
user2672@gmail.com,Pass@1234
user2673@gmail.com,Pass@1234
user2674@gmail.com,Pass@1234
user2675@gmail.com,Pass@1234
user2676@gmail.com,Pass@1234
user2677@gmail.com,Pass@1234
user2678@gmail.com,Pass@1234
user2679@gmail.com,Pass@1234
user2680@gmail.com,Pass@1234
user2681@gmail.com,Pass@1234
user2682@gmail.com,Pass@1234
user2683@gmail.com,Pass@1234
user2684@gmail.com,Pass@1234
user2685@gmail.com,Pass@1234
user2686@gmail.com,Pass@1234
user2687@gmail.com,Pass@1234
user2688@gmail.com,Pass@1234
user2689@gmail.com,Pass@1234
user2690@gmail.com,Pass@1234
user2691@gmail.com,Pass@1234
user2692@gmail.com,Pass@1234
user2693@gmail.com,Pass@1234
user2694@gmail.com,Pass@1234
user2695@gmail.com,Pass@1234
user2696@gmail.com,Pass@1234
user2697@gmail.com,Pass@1234
user2698@gmail.com,Pass@1234
user2699@gmail.com,Pass@1234
user2700@gmail.com,Pass@1234
user2701@gmail.com,Pass@1234
user2702@gmail.com,Pass@1234
user2703@gmail.com,Pass@1234
user2704@gmail.com,Pass@1234
user2705@gmail.com,Pass@1234
user2706@gmail.com,Pass@1234
user2707@gmail.com,Pass@1234
user2708@gmail.com,Pass@1234
user2709@gmail.com,Pass@1234
user2710@gmail.com,Pass@1234
user2711@gmail.com,Pass@1234
user2712@gmail.com,Pass@1234
user2713@gmail.com,Pass@1234
user2714@gmail.com,Pass@1234
user2715@gmail.com,Pass@1234
user2716@gmail.com,Pass@1234
user2717@gmail.com,Pass@1234
user2718@gmail.com,Pass@1234
user2719@gmail.com,Pass@1234
user2720@gmail.com,Pass@1234
user2721@gmail.com,Pass@1234
user2722@gmail.com,Pass@1234
user2723@gmail.com,Pass@1234
user2724@gmail.com,Pass@1234
user2725@gmail.com,Pass@1234
user2726@gmail.com,Pass@1234
user2727@gmail.com,Pass@1234
user2728@gmail.com,Pass@1234
user2729@gmail.com,Pass@1234
user2730@gmail.com,Pass@1234
user2731@gmail.com,Pass@1234
user2732@gmail.com,Pass@1234
user2733@gmail.com,Pass@1234
user2734@gmail.com,Pass@1234
user2735@gmail.com,Pass@1234
user2736@gmail.com,Pass@1234
user2737@gmail.com,Pass@1234
user2738@gmail.com,Pass@1234
user2739@gmail.com,Pass@1234
user2740@gmail.com,Pass@1234
user2741@gmail.com,Pass@1234
user2742@gmail.com,Pass@1234
user2743@gmail.com,Pass@1234
user2744@gmail.com,Pass@1234
user2745@gmail.com,Pass@1234
user2746@gmail.com,Pass@1234
user2747@gmail.com,Pass@1234
user2748@gmail.com,Pass@1234
user2749@gmail.com,Pass@1234
user2750@gmail.com,Pass@1234
user2751@gmail.com,Pass@1234
user2752@gmail.com,Pass@1234
user2753@gmail.com,Pass@1234
user2754@gmail.com,Pass@1234
user2755@gmail.com,Pass@1234
user2756@gmail.com,Pass@1234
user2757@gmail.com,Pass@1234
user2758@gmail.com,Pass@1234
user2759@gmail.com,Pass@1234
user2760@gmail.com,Pass@1234
user2761@gmail.com,Pass@1234
user2762@gmail.com,Pass@1234
user2763@gmail.com,Pass@1234
user2764@gmail.com,Pass@1234
user2765@gmail.com,Pass@1234
user2766@gmail.com,Pass@1234
user2767@gmail.com,Pass@1234
user2768@gmail.com,Pass@1234
user2769@gmail.com,Pass@1234
user2770@gmail.com,Pass@1234
user2771@gmail.com,Pass@1234
user2772@gmail.com,Pass@1234
user2773@gmail.com,Pass@1234
user2774@gmail.com,Pass@1234
user2775@gmail.com,Pass@1234
user2776@gmail.com,Pass@1234
user2777@gmail.com,Pass@1234
user2778@gmail.com,Pass@1234
user2779@gmail.com,Pass@1234
user2780@gmail.com,Pass@1234
user2781@gmail.com,Pass@1234
user2782@gmail.com,Pass@1234
user2783@gmail.com,Pass@1234
user2784@gmail.com,Pass@1234
user2785@gmail.com,Pass@1234
user2786@gmail.com,Pass@1234
user2787@gmail.com,Pass@1234
user2788@gmail.com,Pass@1234
user2789@gmail.com,Pass@1234
user2790@gmail.com,Pass@1234
user2791@gmail.com,Pass@1234
user2792@gmail.com,Pass@1234
user2793@gmail.com,Pass@1234
user2794@gmail.com,Pass@1234
user2795@gmail.com,Pass@1234
user2796@gmail.com,Pass@1234
user2797@gmail.com,Pass@1234
user2798@gmail.com,Pass@1234
user2799@gmail.com,Pass@1234
user2800@gmail.com,Pass@1234
user2801@gmail.com,Pass@1234
user2802@gmail.com,Pass@1234
user2803@gmail.com,Pass@1234
user2804@gmail.com,Pass@1234
user2805@gmail.com,Pass@1234
user2806@gmail.com,Pass@1234
user2807@gmail.com,Pass@1234
user2808@gmail.com,Pass@1234
user2809@gmail.com,Pass@1234
user2810@gmail.com,Pass@1234
user2811@gmail.com,Pass@1234
user2812@gmail.com,Pass@1234
user2813@gmail.com,Pass@1234
user2814@gmail.com,Pass@1234
user2815@gmail.com,Pass@1234
user2816@gmail.com,Pass@1234
user2817@gmail.com,Pass@1234
user2818@gmail.com,Pass@1234
user2819@gmail.com,Pass@1234
user2820@gmail.com,Pass@1234
user2821@gmail.com,Pass@1234
user2822@gmail.com,Pass@1234
user2823@gmail.com,Pass@1234
user2824@gmail.com,Pass@1234
user2825@gmail.com,Pass@1234
user2826@gmail.com,Pass@1234
user2827@gmail.com,Pass@1234
user2828@gmail.com,Pass@1234
user2829@gmail.com,Pass@1234
user2830@gmail.com,Pass@1234
user2831@gmail.com,Pass@1234
user2832@gmail.com,Pass@1234
user2833@gmail.com,Pass@1234
user2834@gmail.com,Pass@1234
user2835@gmail.com,Pass@1234
user2836@gmail.com,Pass@1234
user2837@gmail.com,Pass@1234
user2838@gmail.com,Pass@1234
user2839@gmail.com,Pass@1234
user2840@gmail.com,Pass@1234
user2841@gmail.com,Pass@1234
user2842@gmail.com,Pass@1234
user2843@gmail.com,Pass@1234
user2844@gmail.com,Pass@1234
user2845@gmail.com,Pass@1234
user2846@gmail.com,Pass@1234
user2847@gmail.com,Pass@1234
user2848@gmail.com,Pass@1234
user2849@gmail.com,Pass@1234
user2850@gmail.com,Pass@1234
user2851@gmail.com,Pass@1234
user2852@gmail.com,Pass@1234
user2853@gmail.com,Pass@1234
user2854@gmail.com,Pass@1234
user2855@gmail.com,Pass@1234
user2856@gmail.com,Pass@1234
user2857@gmail.com,Pass@1234
user2858@gmail.com,Pass@1234
user2859@gmail.com,Pass@1234
user2860@gmail.com,Pass@1234
user2861@gmail.com,Pass@1234
user2862@gmail.com,Pass@1234
user2863@gmail.com,Pass@1234
user2864@gmail.com,Pass@1234
user2865@gmail.com,Pass@1234
user2866@gmail.com,Pass@1234
user2867@gmail.com,Pass@1234
user2868@gmail.com,Pass@1234
user2869@gmail.com,Pass@1234
user2870@gmail.com,Pass@1234
user2871@gmail.com,Pass@1234
user2872@gmail.com,Pass@1234
user2873@gmail.com,Pass@1234
user2874@gmail.com,Pass@1234
user2875@gmail.com,Pass@1234
user2876@gmail.com,Pass@1234
user2877@gmail.com,Pass@1234
user2878@gmail.com,Pass@1234
user2879@gmail.com,Pass@1234
user2880@gmail.com,Pass@1234
user2881@gmail.com,Pass@1234
user2882@gmail.com,Pass@1234
user2883@gmail.com,Pass@1234
user2884@gmail.com,Pass@1234
user2885@gmail.com,Pass@1234
user2886@gmail.com,Pass@1234
user2887@gmail.com,Pass@1234
user2888@gmail.com,Pass@1234
user2889@gmail.com,Pass@1234
user2890@gmail.com,Pass@1234
user2891@gmail.com,Pass@1234
user2892@gmail.com,Pass@1234
user2893@gmail.com,Pass@1234
user2894@gmail.com,Pass@1234
user2895@gmail.com,Pass@1234
user2896@gmail.com,Pass@1234
user2897@gmail.com,Pass@1234
user2898@gmail.com,Pass@1234
user2899@gmail.com,Pass@1234
user2900@gmail.com,Pass@1234
user2901@gmail.com,Pass@1234
user2902@gmail.com,Pass@1234
user2903@gmail.com,Pass@1234
user2904@gmail.com,Pass@1234
user2905@gmail.com,Pass@1234
user2906@gmail.com,Pass@1234
user2907@gmail.com,Pass@1234
user2908@gmail.com,Pass@1234
user2909@gmail.com,Pass@1234
user2910@gmail.com,Pass@1234
user2911@gmail.com,Pass@1234
user2912@gmail.com,Pass@1234
user2913@gmail.com,Pass@1234
user2914@gmail.com,Pass@1234
user2915@gmail.com,Pass@1234
user2916@gmail.com,Pass@1234
user2917@gmail.com,Pass@1234
user2918@gmail.com,Pass@1234
user2919@gmail.com,Pass@1234
user2920@gmail.com,Pass@1234
user2921@gmail.com,Pass@1234
user2922@gmail.com,Pass@1234
user2923@gmail.com,Pass@1234
user2924@gmail.com,Pass@1234
user2925@gmail.com,Pass@1234
user2926@gmail.com,Pass@1234
user2927@gmail.com,Pass@1234
user2928@gmail.com,Pass@1234
user2929@gmail.com,Pass@1234
user2930@gmail.com,Pass@1234
user2931@gmail.com,Pass@1234
user2932@gmail.com,Pass@1234
user2933@gmail.com,Pass@1234
user2934@gmail.com,Pass@1234
user2935@gmail.com,Pass@1234
user2936@gmail.com,Pass@1234
user2937@gmail.com,Pass@1234
user2938@gmail.com,Pass@1234
user2939@gmail.com,Pass@1234
user2940@gmail.com,Pass@1234
user2941@gmail.com,Pass@1234
user2942@gmail.com,Pass@1234
user2943@gmail.com,Pass@1234
user2944@gmail.com,Pass@1234
user2945@gmail.com,Pass@1234
user2946@gmail.com,Pass@1234
user2947@gmail.com,Pass@1234
user2948@gmail.com,Pass@1234
user2949@gmail.com,Pass@1234
user2950@gmail.com,Pass@1234
user2951@gmail.com,Pass@1234
user2952@gmail.com,Pass@1234
user2953@gmail.com,Pass@1234
user2954@gmail.com,Pass@1234
user2955@gmail.com,Pass@1234
user2956@gmail.com,Pass@1234
user2957@gmail.com,Pass@1234
user2958@gmail.com,Pass@1234
user2959@gmail.com,Pass@1234
user2960@gmail.com,Pass@1234
user2961@gmail.com,Pass@1234
user2962@gmail.com,Pass@1234
user2963@gmail.com,Pass@1234
user2964@gmail.com,Pass@1234
user2965@gmail.com,Pass@1234
user2966@gmail.com,Pass@1234
user2967@gmail.com,Pass@1234
user2968@gmail.com,Pass@1234
user2969@gmail.com,Pass@1234
user2970@gmail.com,Pass@1234
user2971@gmail.com,Pass@1234
user2972@gmail.com,Pass@1234
user2973@gmail.com,Pass@1234
user2974@gmail.com,Pass@1234
user2975@gmail.com,Pass@1234
user2976@gmail.com,Pass@1234
user2977@gmail.com,Pass@1234
user2978@gmail.com,Pass@1234
user2979@gmail.com,Pass@1234
user2980@gmail.com,Pass@1234
user2981@gmail.com,Pass@1234
user2982@gmail.com,Pass@1234
user2983@gmail.com,Pass@1234
user2984@gmail.com,Pass@1234
user2985@gmail.com,Pass@1234
user2986@gmail.com,Pass@1234
user2987@gmail.com,Pass@1234
user2988@gmail.com,Pass@1234
user2989@gmail.com,Pass@1234
user2990@gmail.com,Pass@1234
user2991@gmail.com,Pass@1234
user2992@gmail.com,Pass@1234
user2993@gmail.com,Pass@1234
user2994@gmail.com,Pass@1234
user2995@gmail.com,Pass@1234
user2996@gmail.com,Pass@1234
user2997@gmail.com,Pass@1234
user2998@gmail.com,Pass@1234
user2999@gmail.com,Pass@1234
user3000@gmail.com,Pass@1234
